CREATE EXTENSION IF NOT EXISTS "pgcrypto";

INSERT INTO users ("userId", "nickname", "name", "surname", "email", "password", "gender", "birthDate", "role", "isActive", "createdAt", "updatedAt")
VALUES
('c1cfb715-076d-4748-bea2-2f10b175824e', 'user1', 'Megan', 'Chang', 'user1@example.com', '$2b$10$CW3Re3vR8.4PX.cd07/c8Ob9Hj0sDe8v3DhNA88nNQa.D5Shq0Sj.', 'female', '1990-01-01', 'user', true, NOW(), NOW()),
('748bb5dd-2618-4b78-8adb-769ef7d0fcb9', 'user2', 'Robert', 'Green', 'user2@example.com', '$2b$10$CW3Re3vR8.4PX.cd07/c8Ob9Hj0sDe8v3DhNA88nNQa.D5Shq0Sj.', 'male', '1990-01-01', 'user', true, NOW(), NOW()),
('c3b0c5f4-5c5e-4c5b-8c5b-5c5b5c5b5c5b', 'user3', 'William', 'Sullivan', 'user3@example.com', '$2b$10$CW3Re3vR8.4PX.cd07/c8Ob9Hj0sDe8v3DhNA88nNQa.D5Shq0Sj.', 'female', '1990-01-01', 'user', true, NOW(), NOW()),
('34e8111f-9dea-403e-86c6-2e00ed49d213', 'user4', 'Kristen', 'Turner', 'user4@example.com', '$2b$10$CW3Re3vR8.4PX.cd07/c8Ob9Hj0sDe8v3DhNA88nNQa.D5Shq0Sj.', 'male', '1990-01-01', 'user', true, NOW(), NOW()),
('ad488a90-0fef-495b-9153-46ea8bc6b815', 'user5', 'Thomas', 'Silva', 'user5@example.com', '$2b$10$CW3Re3vR8.4PX.cd07/c8Ob9Hj0sDe8v3DhNA88nNQa.D5Shq0Sj.', 'female', '1990-01-01', 'user', true, NOW(), NOW()),
('88892359-9386-4dc9-a9c6-f46177378ea3', 'user6', 'Rebecca', 'Wagner', 'user6@example.com', '$2b$10$CW3Re3vR8.4PX.cd07/c8Ob9Hj0sDe8v3DhNA88nNQa.D5Shq0Sj.', 'male', '1990-01-01', 'user', true, NOW(), NOW()),
('6409e01a-b81f-4159-b002-6e13be7ad53b', 'user7', 'Juan', 'Campos', 'user7@example.com', '$2b$10$CW3Re3vR8.4PX.cd07/c8Ob9Hj0sDe8v3DhNA88nNQa.D5Shq0Sj.', 'female', '1990-01-01', 'user', true, NOW(), NOW()),
('ec12e2b0-3e6c-4d9c-a18e-abaa1afe882b', 'user8', 'Christine', 'King', 'user8@example.com', '$2b$10$CW3Re3vR8.4PX.cd07/c8Ob9Hj0sDe8v3DhNA88nNQa.D5Shq0Sj.', 'male', '1990-01-01', 'user', true, NOW(), NOW()),
('16ff5cd1-50b5-4861-9841-013a0e65b3a3', 'user9', 'Renee', 'Mcgrath', 'user9@example.com', '$2b$10$CW3Re3vR8.4PX.cd07/c8Ob9Hj0sDe8v3DhNA88nNQa.D5Shq0Sj.', 'female', '1990-01-01', 'user', true, NOW(), NOW()),
('19d9589b-c4cc-49c2-8d65-c1e9219d2464', 'user10', 'Lisa', 'Barrera', 'user10@example.com', '$2b$10$CW3Re3vR8.4PX.cd07/c8Ob9Hj0sDe8v3DhNA88nNQa.D5Shq0Sj.', 'male', '1990-01-01', 'user', true, NOW(), NOW()),
('fe205c02-c241-4581-b988-7bea6dc0d98e', 'user11', 'Kyle', 'Blair', 'user11@example.com', '$2b$10$CW3Re3vR8.4PX.cd07/c8Ob9Hj0sDe8v3DhNA88nNQa.D5Shq0Sj.', 'female', '1990-01-01', 'user', true, NOW(), NOW()),
('e8e5c260-b931-435a-8dc0-2e3ab0334a1e', 'user12', 'Rachel', 'Sutton', 'user12@example.com', '$2b$10$CW3Re3vR8.4PX.cd07/c8Ob9Hj0sDe8v3DhNA88nNQa.D5Shq0Sj.', 'male', '1990-01-01', 'user', true, NOW(), NOW()),
('7d181b6e-6426-4bec-b9ea-b4f1ab40f722', 'user13', 'Thomas', 'Garcia', 'user13@example.com', '$2b$10$CW3Re3vR8.4PX.cd07/c8Ob9Hj0sDe8v3DhNA88nNQa.D5Shq0Sj.', 'female', '1990-01-01', 'user', true, NOW(), NOW()),
('638ecf42-448b-4ae7-bea0-add4d11aff47', 'user14', 'Ryan', 'Carr', 'user14@example.com', '$2b$10$CW3Re3vR8.4PX.cd07/c8Ob9Hj0sDe8v3DhNA88nNQa.D5Shq0Sj.', 'male', '1990-01-01', 'user', true, NOW(), NOW()),
('d13161b2-f7e7-491e-94fc-dfaf8c3989c9', 'user15', 'Robin', 'Levy', 'user15@example.com', '$2b$10$CW3Re3vR8.4PX.cd07/c8Ob9Hj0sDe8v3DhNA88nNQa.D5Shq0Sj.', 'female', '1990-01-01', 'user', true, NOW(), NOW()),
('fe57e305-1f66-4d5a-a7ac-9a0bf57399d6', 'user16', 'Thomas', 'Grimes', 'user16@example.com', '$2b$10$CW3Re3vR8.4PX.cd07/c8Ob9Hj0sDe8v3DhNA88nNQa.D5Shq0Sj.', 'male', '1990-01-01', 'user', true, NOW(), NOW()),
('f9f9b9e7-fba7-4b08-a715-f3cf2d676bcb', 'user17', 'Jorge', 'Trujillo', 'user17@example.com', '$2b$10$CW3Re3vR8.4PX.cd07/c8Ob9Hj0sDe8v3DhNA88nNQa.D5Shq0Sj.', 'female', '1990-01-01', 'user', true, NOW(), NOW()),
('f752bf14-8d66-4f7e-b679-d6df7b31d5cf', 'user18', 'Ana', 'Smith', 'user18@example.com', '$2b$10$CW3Re3vR8.4PX.cd07/c8Ob9Hj0sDe8v3DhNA88nNQa.D5Shq0Sj.', 'male', '1990-01-01', 'user', true, NOW(), NOW()),
('bedb438d-cee5-43ba-a533-714e3403670b', 'user19', 'Jennifer', 'Ross', 'user19@example.com', '$2b$10$CW3Re3vR8.4PX.cd07/c8Ob9Hj0sDe8v3DhNA88nNQa.D5Shq0Sj.', 'female', '1990-01-01', 'user', true, NOW(), NOW()),
('248b6ff4-8df4-4f8c-989a-b3efa5b09b49', 'user20', 'Mallory', 'Barnett', 'user20@example.com', '$2b$10$CW3Re3vR8.4PX.cd07/c8Ob9Hj0sDe8v3DhNA88nNQa.D5Shq0Sj.', 'male', '1990-01-01', 'user', true, NOW(), NOW()),
('15cf58a0-f091-4a5c-8768-9db8b89e98f6', 'user21', 'Aaron', 'Snyder', 'user21@example.com', '$2b$10$CW3Re3vR8.4PX.cd07/c8Ob9Hj0sDe8v3DhNA88nNQa.D5Shq0Sj.', 'female', '1990-01-01', 'user', true, NOW(), NOW()),
('cabbbbc4-a20c-4484-9c34-57e2f17065f4', 'user22', 'Mikayla', 'Sanchez', 'user22@example.com', '$2b$10$CW3Re3vR8.4PX.cd07/c8Ob9Hj0sDe8v3DhNA88nNQa.D5Shq0Sj.', 'male', '1990-01-01', 'user', true, NOW(), NOW()),
('c04c00d8-bdb7-48e3-8540-996d0dd8de37', 'user23', 'Mark', 'Harrell', 'user23@example.com', '$2b$10$CW3Re3vR8.4PX.cd07/c8Ob9Hj0sDe8v3DhNA88nNQa.D5Shq0Sj.', 'female', '1990-01-01', 'user', true, NOW(), NOW()),
('a9a129c6-6602-4305-8cd9-b971790ac998', 'user24', 'James', 'Bradley', 'user24@example.com', '$2b$10$CW3Re3vR8.4PX.cd07/c8Ob9Hj0sDe8v3DhNA88nNQa.D5Shq0Sj.', 'male', '1990-01-01', 'user', true, NOW(), NOW()),
('33b29fdf-a7e5-4476-b4ab-3bb18a8a3893', 'user25', 'John', 'Ponce', 'user25@example.com', '$2b$10$CW3Re3vR8.4PX.cd07/c8Ob9Hj0sDe8v3DhNA88nNQa.D5Shq0Sj.', 'female', '1990-01-01', 'user', true, NOW(), NOW()),
('eeb6e53f-df2d-4f14-9a7f-f8f09314bb74', 'user26', 'Linda', 'West', 'user26@example.com', '$2b$10$CW3Re3vR8.4PX.cd07/c8Ob9Hj0sDe8v3DhNA88nNQa.D5Shq0Sj.', 'male', '1990-01-01', 'user', true, NOW(), NOW()),
('53025fc2-4cee-480c-9312-0041396fc023', 'user27', 'Christopher', 'Flores', 'user27@example.com', '$2b$10$CW3Re3vR8.4PX.cd07/c8Ob9Hj0sDe8v3DhNA88nNQa.D5Shq0Sj.', 'female', '1990-01-01', 'user', true, NOW(), NOW()),
('8b7e6ed8-866f-496b-89e5-f34aff4ae739', 'user28', 'William', 'Cantu', 'user28@example.com', '$2b$10$CW3Re3vR8.4PX.cd07/c8Ob9Hj0sDe8v3DhNA88nNQa.D5Shq0Sj.', 'male', '1990-01-01', 'user', true, NOW(), NOW()),
('e82a68d8-819b-4c5b-af93-1f9f537a47ad', 'user29', 'Daniel', 'Arnold', 'user29@example.com', '$2b$10$CW3Re3vR8.4PX.cd07/c8Ob9Hj0sDe8v3DhNA88nNQa.D5Shq0Sj.', 'female', '1990-01-01', 'user', true, NOW(), NOW()),
('7dbcf778-de1b-49d2-bfe3-7ff98e1e8874', 'user30', 'Jasmine', 'Kelley', 'user30@example.com', '$2b$10$CW3Re3vR8.4PX.cd07/c8Ob9Hj0sDe8v3DhNA88nNQa.D5Shq0Sj.', 'male', '1990-01-01', 'user', true, NOW(), NOW()),
('e8f955fa-59bb-4b88-a175-40970014a0a2', 'user31', 'Lisa', 'Fernandez', 'user31@example.com', '$2b$10$CW3Re3vR8.4PX.cd07/c8Ob9Hj0sDe8v3DhNA88nNQa.D5Shq0Sj.', 'female', '1990-01-01', 'user', true, NOW(), NOW()),
('dc4e0bba-30c7-471b-b261-b7abd4d52168', 'user32', 'Tamara', 'Morrison', 'user32@example.com', '$2b$10$CW3Re3vR8.4PX.cd07/c8Ob9Hj0sDe8v3DhNA88nNQa.D5Shq0Sj.', 'male', '1990-01-01', 'user', true, NOW(), NOW()),
('df1794d1-c562-45a0-bba2-fe84ae336d5b', 'user33', 'Briana', 'Wallace', 'user33@example.com', '$2b$10$CW3Re3vR8.4PX.cd07/c8Ob9Hj0sDe8v3DhNA88nNQa.D5Shq0Sj.', 'female', '1990-01-01', 'user', true, NOW(), NOW()),
('79786f1f-a79b-48f1-83de-131b6b93efca', 'user34', 'Caitlyn', 'Cruz', 'user34@example.com', '$2b$10$CW3Re3vR8.4PX.cd07/c8Ob9Hj0sDe8v3DhNA88nNQa.D5Shq0Sj.', 'male', '1990-01-01', 'user', true, NOW(), NOW()),
('1db7d91a-bd77-4d16-8a16-d3f2f453af5b', 'user35', 'Barbara', 'Roberts', 'user35@example.com', '$2b$10$CW3Re3vR8.4PX.cd07/c8Ob9Hj0sDe8v3DhNA88nNQa.D5Shq0Sj.', 'female', '1990-01-01', 'user', true, NOW(), NOW()),
('06f01f7d-317e-4225-aa68-2ded28b2a323', 'user36', 'Jaime', 'Lopez', 'user36@example.com', '$2b$10$CW3Re3vR8.4PX.cd07/c8Ob9Hj0sDe8v3DhNA88nNQa.D5Shq0Sj.', 'male', '1990-01-01', 'user', true, NOW(), NOW()),
('700a60cc-866a-4fd5-af17-45ee79f39ffe', 'user37', 'Chloe', 'Douglas', 'user37@example.com', '$2b$10$CW3Re3vR8.4PX.cd07/c8Ob9Hj0sDe8v3DhNA88nNQa.D5Shq0Sj.', 'female', '1990-01-01', 'user', true, NOW(), NOW()),
('df650273-bb3d-4d95-9e63-332f051940e3', 'user38', 'Thomas', 'Davis', 'user38@example.com', '$2b$10$CW3Re3vR8.4PX.cd07/c8Ob9Hj0sDe8v3DhNA88nNQa.D5Shq0Sj.', 'male', '1990-01-01', 'user', true, NOW(), NOW()),
('3b31b905-5110-419c-b814-a01822ae84cb', 'user39', 'Katherine', 'Mcdowell', 'user39@example.com', '$2b$10$CW3Re3vR8.4PX.cd07/c8Ob9Hj0sDe8v3DhNA88nNQa.D5Shq0Sj.', 'female', '1990-01-01', 'user', true, NOW(), NOW()),
('fda7c4c7-df2c-4856-9f80-4cd162ea73e4', 'user40', 'Sandra', 'Kirby', 'user40@example.com', '$2b$10$CW3Re3vR8.4PX.cd07/c8Ob9Hj0sDe8v3DhNA88nNQa.D5Shq0Sj.', 'male', '1990-01-01', 'user', true, NOW(), NOW()),
('05d11ebe-fe8d-4480-aa89-06a7973f61c2', 'user41', 'Rachael', 'Leblanc', 'user41@example.com', '$2b$10$CW3Re3vR8.4PX.cd07/c8Ob9Hj0sDe8v3DhNA88nNQa.D5Shq0Sj.', 'female', '1990-01-01', 'user', true, NOW(), NOW()),
('cc054a39-827d-47df-9f2b-b5be55b5e01e', 'user42', 'Amber', 'Myers', 'user42@example.com', '$2b$10$CW3Re3vR8.4PX.cd07/c8Ob9Hj0sDe8v3DhNA88nNQa.D5Shq0Sj.', 'male', '1990-01-01', 'user', true, NOW(), NOW()),
('cc03f735-54b2-416c-97b1-36dcead91109', 'user43', 'Janet', 'Hill', 'user43@example.com', '$2b$10$CW3Re3vR8.4PX.cd07/c8Ob9Hj0sDe8v3DhNA88nNQa.D5Shq0Sj.', 'female', '1990-01-01', 'user', true, NOW(), NOW()),
('138ebc3a-39a4-4686-bbae-4fa25375fe65', 'user44', 'Lisa', 'Atkinson', 'user44@example.com', '$2b$10$CW3Re3vR8.4PX.cd07/c8Ob9Hj0sDe8v3DhNA88nNQa.D5Shq0Sj.', 'male', '1990-01-01', 'user', true, NOW(), NOW()),
('ea718bfa-c4ca-4fd8-af42-16bfac486e70', 'user45', 'Patty', 'Lawrence', 'user45@example.com', '$2b$10$CW3Re3vR8.4PX.cd07/c8Ob9Hj0sDe8v3DhNA88nNQa.D5Shq0Sj.', 'female', '1990-01-01', 'user', true, NOW(), NOW()),
('941af7da-2ca5-4253-b5f4-c7c84dad865d', 'user46', 'Stephanie', 'Riley', 'user46@example.com', '$2b$10$CW3Re3vR8.4PX.cd07/c8Ob9Hj0sDe8v3DhNA88nNQa.D5Shq0Sj.', 'male', '1990-01-01', 'user', true, NOW(), NOW()),
('7836efb7-3df3-44b8-9149-855fd451bb84', 'user47', 'Shannon', 'Keller', 'user47@example.com', '$2b$10$CW3Re3vR8.4PX.cd07/c8Ob9Hj0sDe8v3DhNA88nNQa.D5Shq0Sj.', 'female', '1990-01-01', 'user', true, NOW(), NOW()),
('3b77ed89-e70e-4929-a07a-39a068388c01', 'user48', 'Wendy', 'Stark', 'user48@example.com', '$2b$10$CW3Re3vR8.4PX.cd07/c8Ob9Hj0sDe8v3DhNA88nNQa.D5Shq0Sj.', 'male', '1990-01-01', 'user', true, NOW(), NOW()),
('1f52dc82-560f-47b4-8b84-c53a131d1f21', 'user49', 'Laura', 'Miller', 'user49@example.com', '$2b$10$CW3Re3vR8.4PX.cd07/c8Ob9Hj0sDe8v3DhNA88nNQa.D5Shq0Sj.', 'female', '1990-01-01', 'user', true, NOW(), NOW()),
('82baf87b-3ad5-452b-97be-2c2331888feb', 'user50', 'Chloe', 'Tucker', 'user50@example.com', '$2b$10$CW3Re3vR8.4PX.cd07/c8Ob9Hj0sDe8v3DhNA88nNQa.D5Shq0Sj.', 'male', '1990-01-01', 'user', true, NOW(), NOW());

-- User Match Preferences
INSERT INTO user_match_preferences ("user_match_preference_id", "user_id", "match_type_id", "createdAt", "updatedAt")
VALUES
('fced5d0c-f9d9-42ca-bec1-d3e4743d3a81', 'c1cfb715-076d-4748-bea2-2f10b175824e', '3fa85f64-5717-4562-b3fc-2c963f66afa6', NOW(), NOW()),
('4378d99c-952f-4abb-b1b2-0e5a99925b8e', 'c1cfb715-076d-4748-bea2-2f10b175824e', 'a7bc4e9e-09e4-4bde-8b9c-328e6e042e8a', NOW(), NOW()),
('c08ab7e4-b311-4ad0-921a-f9f424dce223', '748bb5dd-2618-4b78-8adb-769ef7d0fcb9', '3fa85f64-5717-4562-b3fc-2c963f66afa6', NOW(), NOW()),
('26a9ffe7-882e-4a78-be56-7f67eeafea27', '748bb5dd-2618-4b78-8adb-769ef7d0fcb9', 'a7bc4e9e-09e4-4bde-8b9c-328e6e042e8a', NOW(), NOW()),
('4b4c58ce-1c3f-4ebc-81ab-fcf27399e4a8', 'c3b0c5f4-5c5e-4c5b-8c5b-5c5b5c5b5c5b', '3fa85f64-5717-4562-b3fc-2c963f66afa6', NOW(), NOW()),
('b9637564-2b08-4f0e-bea9-1af498b3f055', 'c3b0c5f4-5c5e-4c5b-8c5b-5c5b5c5b5c5b', 'a7bc4e9e-09e4-4bde-8b9c-328e6e042e8a', NOW(), NOW()),
('82e103bd-99cd-43a6-af8f-fd588205044e', '34e8111f-9dea-403e-86c6-2e00ed49d213', '3fa85f64-5717-4562-b3fc-2c963f66afa6', NOW(), NOW()),
('d9535ba9-ba1d-4cb3-9988-b2d2933d6dca', '34e8111f-9dea-403e-86c6-2e00ed49d213', 'a7bc4e9e-09e4-4bde-8b9c-328e6e042e8a', NOW(), NOW()),
('633ae40d-eeb5-4d6b-87c1-849ec6cd7a18', 'ad488a90-0fef-495b-9153-46ea8bc6b815', '3fa85f64-5717-4562-b3fc-2c963f66afa6', NOW(), NOW()),
('148e4c64-1e00-4763-9628-7273990da34b', 'ad488a90-0fef-495b-9153-46ea8bc6b815', 'a7bc4e9e-09e4-4bde-8b9c-328e6e042e8a', NOW(), NOW()),
('21f24230-d4eb-48b4-b05e-a41d3848bd20', '88892359-9386-4dc9-a9c6-f46177378ea3', '3fa85f64-5717-4562-b3fc-2c963f66afa6', NOW(), NOW()),
('189d28a9-7e0a-4322-af37-f95f0d0cfbd6', '88892359-9386-4dc9-a9c6-f46177378ea3', 'a7bc4e9e-09e4-4bde-8b9c-328e6e042e8a', NOW(), NOW()),
('f2f9e0a2-f125-412b-b356-6f794bde43fb', '88892359-9386-4dc9-a9c6-f46177378ea3', 'e57a6b13-48b9-4a4d-917a-345f665e2d1c', NOW(), NOW()),
('d79dcee8-768e-42d4-b722-29297704073e', '6409e01a-b81f-4159-b002-6e13be7ad53b', '3fa85f64-5717-4562-b3fc-2c963f66afa6', NOW(), NOW()),
('72fd36bf-edb8-4f66-8a23-8207f60d67a2', '6409e01a-b81f-4159-b002-6e13be7ad53b', 'a7bc4e9e-09e4-4bde-8b9c-328e6e042e8a', NOW(), NOW()),
('9c1df8e2-9c4d-4120-91f0-5a030f0d0c0d', 'ec12e2b0-3e6c-4d9c-a18e-abaa1afe882b', '3fa85f64-5717-4562-b3fc-2c963f66afa6', NOW(), NOW()),
('b9c2e3f8-2f82-4240-8a24-9a94a7ef476d', 'ec12e2b0-3e6c-4d9c-a18e-abaa1afe882b', 'a7bc4e9e-09e4-4bde-8b9c-328e6e042e8a', NOW(), NOW()),
('6b1a7677-4487-4406-b49e-03c0e2394074', '16ff5cd1-50b5-4861-9841-013a0e65b3a3', '3fa85f64-5717-4562-b3fc-2c963f66afa6', NOW(), NOW()),
('d23b245f-3e1a-4193-ad70-1008e9bab848', '16ff5cd1-50b5-4861-9841-013a0e65b3a3', 'a7bc4e9e-09e4-4bde-8b9c-328e6e042e8a', NOW(), NOW()),
('3f8594e9-0f82-4dfd-90b9-6487239af50d', '19d9589b-c4cc-49c2-8d65-c1e9219d2464', '3fa85f64-5717-4562-b3fc-2c963f66afa6', NOW(), NOW()),
('83f43347-acb4-4240-a9a3-6ddda6438d57', '19d9589b-c4cc-49c2-8d65-c1e9219d2464', 'a7bc4e9e-09e4-4bde-8b9c-328e6e042e8a', NOW(), NOW()),
('ab35866b-5712-4ed3-bee6-0e518d906eb5', 'fe205c02-c241-4581-b988-7bea6dc0d98e', '3fa85f64-5717-4562-b3fc-2c963f66afa6', NOW(), NOW()),
('08925efd-648d-4ac3-a020-8ecd90ff32a1', 'fe205c02-c241-4581-b988-7bea6dc0d98e', 'e57a6b13-48b9-4a4d-917a-345f665e2d1c', NOW(), NOW()),
('1a10dd71-155b-45aa-86a9-40c7aa5e2fb4', 'e8e5c260-b931-435a-8dc0-2e3ab0334a1e', '3fa85f64-5717-4562-b3fc-2c963f66afa6', NOW(), NOW()),
('973e36d2-4f17-4079-9d29-7d26fe87e318', 'e8e5c260-b931-435a-8dc0-2e3ab0334a1e', 'e57a6b13-48b9-4a4d-917a-345f665e2d1c', NOW(), NOW()),
('42f27b32-5e3e-4b2b-a7ac-84b820b08dcf', '7d181b6e-6426-4bec-b9ea-b4f1ab40f722', '3fa85f64-5717-4562-b3fc-2c963f66afa6', NOW(), NOW()),
('cfbd0047-46b4-4dc8-b99a-e8434ffc7cba', '7d181b6e-6426-4bec-b9ea-b4f1ab40f722', 'a7bc4e9e-09e4-4bde-8b9c-328e6e042e8a', NOW(), NOW()),
('afeaa2b7-5e3c-4cea-ba97-4b6d0b31ab2e', '638ecf42-448b-4ae7-bea0-add4d11aff47', '3fa85f64-5717-4562-b3fc-2c963f66afa6', NOW(), NOW()),
('ab55aa6f-13e0-4fa6-a0f2-0537f3710219', '638ecf42-448b-4ae7-bea0-add4d11aff47', 'e57a6b13-48b9-4a4d-917a-345f665e2d1c', NOW(), NOW()),
('228e54c7-a273-4150-a1ce-8ae5ec9f8832', '638ecf42-448b-4ae7-bea0-add4d11aff47', 'a7bc4e9e-09e4-4bde-8b9c-328e6e042e8a', NOW(), NOW()),
('ae0979c2-a732-4167-a39d-94bb38a8d1aa', 'd13161b2-f7e7-491e-94fc-dfaf8c3989c9', '3fa85f64-5717-4562-b3fc-2c963f66afa6', NOW(), NOW()),
('3a40a1c4-424a-496f-a768-11de2f3a46d7', 'd13161b2-f7e7-491e-94fc-dfaf8c3989c9', 'e57a6b13-48b9-4a4d-917a-345f665e2d1c', NOW(), NOW()),
('7196c49d-8741-470f-87b6-c0c23eeb8533', 'fe57e305-1f66-4d5a-a7ac-9a0bf57399d6', '3fa85f64-5717-4562-b3fc-2c963f66afa6', NOW(), NOW()),
('f00861b4-35bc-4def-af0b-bcc169d2d110', 'fe57e305-1f66-4d5a-a7ac-9a0bf57399d6', 'a7bc4e9e-09e4-4bde-8b9c-328e6e042e8a', NOW(), NOW()),
('1cd66bca-2a61-45cd-a47e-ab5ca3e6e29d', 'fe57e305-1f66-4d5a-a7ac-9a0bf57399d6', 'e57a6b13-48b9-4a4d-917a-345f665e2d1c', NOW(), NOW()),
('b5cccb0f-7d70-420c-be7c-0c4186a41e2e', 'f9f9b9e7-fba7-4b08-a715-f3cf2d676bcb', '3fa85f64-5717-4562-b3fc-2c963f66afa6', NOW(), NOW()),
('f81d77e7-dab1-4b06-a950-4ab1f9bd0f30', 'f9f9b9e7-fba7-4b08-a715-f3cf2d676bcb', 'a7bc4e9e-09e4-4bde-8b9c-328e6e042e8a', NOW(), NOW()),
('b3793edd-ee71-4cca-8bfd-980b51af3d9d', 'f9f9b9e7-fba7-4b08-a715-f3cf2d676bcb', 'e57a6b13-48b9-4a4d-917a-345f665e2d1c', NOW(), NOW()),
('637c39a8-fe43-462c-bbca-3aaa618010bd', 'f752bf14-8d66-4f7e-b679-d6df7b31d5cf', '3fa85f64-5717-4562-b3fc-2c963f66afa6', NOW(), NOW()),
('299ed8e6-e519-4fe0-9f03-a2d92e8ad54b', 'f752bf14-8d66-4f7e-b679-d6df7b31d5cf', 'a7bc4e9e-09e4-4bde-8b9c-328e6e042e8a', NOW(), NOW()),
('91f25baf-690b-4da9-89aa-db15996f9170', 'bedb438d-cee5-43ba-a533-714e3403670b', '3fa85f64-5717-4562-b3fc-2c963f66afa6', NOW(), NOW()),
('c5e42226-e6a1-4a71-ba44-7fa35e6c1d97', 'bedb438d-cee5-43ba-a533-714e3403670b', 'e57a6b13-48b9-4a4d-917a-345f665e2d1c', NOW(), NOW()),
('7eb95509-2d25-4e3c-b157-d61a1eb8d6a2', '248b6ff4-8df4-4f8c-989a-b3efa5b09b49', '3fa85f64-5717-4562-b3fc-2c963f66afa6', NOW(), NOW()),
('4df4724c-9623-451d-a9f6-a674ea2f305b', '248b6ff4-8df4-4f8c-989a-b3efa5b09b49', 'e57a6b13-48b9-4a4d-917a-345f665e2d1c', NOW(), NOW()),
('acd357e5-d66a-4ff4-b83f-f4259d7fec67', '248b6ff4-8df4-4f8c-989a-b3efa5b09b49', 'a7bc4e9e-09e4-4bde-8b9c-328e6e042e8a', NOW(), NOW()),
('706cec35-1db6-45a4-bbb4-9e87273eccde', '15cf58a0-f091-4a5c-8768-9db8b89e98f6', '3fa85f64-5717-4562-b3fc-2c963f66afa6', NOW(), NOW()),
('e19e6c32-1d83-465f-a3fe-b6bfb1b566a5', '15cf58a0-f091-4a5c-8768-9db8b89e98f6', 'a7bc4e9e-09e4-4bde-8b9c-328e6e042e8a', NOW(), NOW()),
('77472921-fb55-4dcf-bda7-d6b798c9bfef', 'cabbbbc4-a20c-4484-9c34-57e2f17065f4', '3fa85f64-5717-4562-b3fc-2c963f66afa6', NOW(), NOW()),
('d43d894e-d22b-48b8-a1b9-bfd2c02b8d14', 'cabbbbc4-a20c-4484-9c34-57e2f17065f4', 'a7bc4e9e-09e4-4bde-8b9c-328e6e042e8a', NOW(), NOW()),
('f24282e0-33d6-4bb3-9a5a-4e0a632dfc08', 'c04c00d8-bdb7-48e3-8540-996d0dd8de37', '3fa85f64-5717-4562-b3fc-2c963f66afa6', NOW(), NOW()),
('0401d779-ed3c-4352-af92-a764fad6eb2b', 'c04c00d8-bdb7-48e3-8540-996d0dd8de37', 'a7bc4e9e-09e4-4bde-8b9c-328e6e042e8a', NOW(), NOW()),
('ca7829bb-15b1-4c39-93f8-0ee57b9480da', 'a9a129c6-6602-4305-8cd9-b971790ac998', '3fa85f64-5717-4562-b3fc-2c963f66afa6', NOW(), NOW()),
('fc71dee6-8852-4384-a3dd-af62f128f071', 'a9a129c6-6602-4305-8cd9-b971790ac998', 'e57a6b13-48b9-4a4d-917a-345f665e2d1c', NOW(), NOW()),
('51570135-fbe6-4043-976f-9b9f52c5e4d7', '33b29fdf-a7e5-4476-b4ab-3bb18a8a3893', '3fa85f64-5717-4562-b3fc-2c963f66afa6', NOW(), NOW()),
('f6ab5477-36f0-44cc-a3fd-a49b09d7e400', '33b29fdf-a7e5-4476-b4ab-3bb18a8a3893', 'a7bc4e9e-09e4-4bde-8b9c-328e6e042e8a', NOW(), NOW()),
('8ddb0818-a80a-48c7-942b-42fc2c198fc3', 'eeb6e53f-df2d-4f14-9a7f-f8f09314bb74', '3fa85f64-5717-4562-b3fc-2c963f66afa6', NOW(), NOW()),
('533ef156-d664-4430-bc91-6a80b7c18e85', 'eeb6e53f-df2d-4f14-9a7f-f8f09314bb74', 'a7bc4e9e-09e4-4bde-8b9c-328e6e042e8a', NOW(), NOW()),
('1825ecf8-7262-4309-b12f-f0244fe35a45', '53025fc2-4cee-480c-9312-0041396fc023', '3fa85f64-5717-4562-b3fc-2c963f66afa6', NOW(), NOW()),
('d4a7ae17-94f3-42ad-ad3e-7d6d8a47e0fd', '53025fc2-4cee-480c-9312-0041396fc023', 'e57a6b13-48b9-4a4d-917a-345f665e2d1c', NOW(), NOW()),
('fdff0726-311a-4fb5-b483-2a084d619b8a', '8b7e6ed8-866f-496b-89e5-f34aff4ae739', '3fa85f64-5717-4562-b3fc-2c963f66afa6', NOW(), NOW()),
('67d5e043-01ee-47d7-bf8a-a3413c56a267', '8b7e6ed8-866f-496b-89e5-f34aff4ae739', 'a7bc4e9e-09e4-4bde-8b9c-328e6e042e8a', NOW(), NOW()),
('ba43dfba-afb2-4810-890c-54b58429b393', 'e82a68d8-819b-4c5b-af93-1f9f537a47ad', '3fa85f64-5717-4562-b3fc-2c963f66afa6', NOW(), NOW()),
('7be3b320-6f34-4e22-bfba-4a737b777ef8', 'e82a68d8-819b-4c5b-af93-1f9f537a47ad', 'e57a6b13-48b9-4a4d-917a-345f665e2d1c', NOW(), NOW()),
('84b1cc72-4896-4c41-9084-8d24aa3ff47f', '7dbcf778-de1b-49d2-bfe3-7ff98e1e8874', '3fa85f64-5717-4562-b3fc-2c963f66afa6', NOW(), NOW()),
('b93efef9-3a3c-4550-8c9b-9dff0f4e63ed', '7dbcf778-de1b-49d2-bfe3-7ff98e1e8874', 'a7bc4e9e-09e4-4bde-8b9c-328e6e042e8a', NOW(), NOW()),
('94e13b4d-2379-4916-ab58-b59a5df2fc16', 'e8f955fa-59bb-4b88-a175-40970014a0a2', '3fa85f64-5717-4562-b3fc-2c963f66afa6', NOW(), NOW()),
('518a23bb-a721-4651-bb0e-19f4f4c1c171', 'e8f955fa-59bb-4b88-a175-40970014a0a2', 'a7bc4e9e-09e4-4bde-8b9c-328e6e042e8a', NOW(), NOW()),
('82fac499-ae8b-4390-8dda-a55cf389266f', 'dc4e0bba-30c7-471b-b261-b7abd4d52168', '3fa85f64-5717-4562-b3fc-2c963f66afa6', NOW(), NOW()),
('c1beafad-c823-4da3-9ed2-11a22cde29d2', 'dc4e0bba-30c7-471b-b261-b7abd4d52168', 'e57a6b13-48b9-4a4d-917a-345f665e2d1c', NOW(), NOW()),
('bd675ff6-548e-41e1-ad0e-47bbc7c94991', 'df1794d1-c562-45a0-bba2-fe84ae336d5b', '3fa85f64-5717-4562-b3fc-2c963f66afa6', NOW(), NOW()),
('93de6e4d-d4ca-4c2a-bcd2-1c034550075b', 'df1794d1-c562-45a0-bba2-fe84ae336d5b', 'a7bc4e9e-09e4-4bde-8b9c-328e6e042e8a', NOW(), NOW()),
('255811e2-c352-4c6b-85c6-9e990c033d4c', '79786f1f-a79b-48f1-83de-131b6b93efca', '3fa85f64-5717-4562-b3fc-2c963f66afa6', NOW(), NOW()),
('30f524f0-5874-4558-9bb1-a204f2483f28', '79786f1f-a79b-48f1-83de-131b6b93efca', 'a7bc4e9e-09e4-4bde-8b9c-328e6e042e8a', NOW(), NOW()),
('7dbe58c3-33dd-4968-9e14-4d52c523c621', '1db7d91a-bd77-4d16-8a16-d3f2f453af5b', '3fa85f64-5717-4562-b3fc-2c963f66afa6', NOW(), NOW()),
('2536cd5b-0c43-4cf2-a2fe-67cc8ba598f9', '1db7d91a-bd77-4d16-8a16-d3f2f453af5b', 'a7bc4e9e-09e4-4bde-8b9c-328e6e042e8a', NOW(), NOW()),
('9d08fffe-f49f-45a4-b7fe-e8b0fb4ab7c5', '06f01f7d-317e-4225-aa68-2ded28b2a323', '3fa85f64-5717-4562-b3fc-2c963f66afa6', NOW(), NOW()),
('df83c245-fff4-4a93-b521-c20177fcd8a2', '06f01f7d-317e-4225-aa68-2ded28b2a323', 'e57a6b13-48b9-4a4d-917a-345f665e2d1c', NOW(), NOW()),
('aabb8b8f-6cf4-4025-8d9f-02129818c5b3', '700a60cc-866a-4fd5-af17-45ee79f39ffe', '3fa85f64-5717-4562-b3fc-2c963f66afa6', NOW(), NOW()),
('bee92e96-eda1-4663-8c60-a490b35af594', '700a60cc-866a-4fd5-af17-45ee79f39ffe', 'a7bc4e9e-09e4-4bde-8b9c-328e6e042e8a', NOW(), NOW()),
('6cc5cdaf-3dbb-44f2-be3a-bf441bbd0c76', 'df650273-bb3d-4d95-9e63-332f051940e3', '3fa85f64-5717-4562-b3fc-2c963f66afa6', NOW(), NOW()),
('f69438a1-75c8-4c4f-b362-cb49f3cf84d9', 'df650273-bb3d-4d95-9e63-332f051940e3', 'a7bc4e9e-09e4-4bde-8b9c-328e6e042e8a', NOW(), NOW()),
('c0445382-c6c0-46eb-ae9c-5fc4ee23fcfe', '3b31b905-5110-419c-b814-a01822ae84cb', '3fa85f64-5717-4562-b3fc-2c963f66afa6', NOW(), NOW()),
('e588dbbd-0938-479c-8c33-5394f33394cd', '3b31b905-5110-419c-b814-a01822ae84cb', 'a7bc4e9e-09e4-4bde-8b9c-328e6e042e8a', NOW(), NOW()),
('15a0125d-51cb-4515-a4c3-a75e0bf9ea02', 'fda7c4c7-df2c-4856-9f80-4cd162ea73e4', '3fa85f64-5717-4562-b3fc-2c963f66afa6', NOW(), NOW()),
('b11e4b84-a109-4874-8fd0-3b03ef15658c', 'fda7c4c7-df2c-4856-9f80-4cd162ea73e4', 'e57a6b13-48b9-4a4d-917a-345f665e2d1c', NOW(), NOW()),
('d6fde249-7377-4c39-b9e7-c2ecbe3d8729', '05d11ebe-fe8d-4480-aa89-06a7973f61c2', '3fa85f64-5717-4562-b3fc-2c963f66afa6', NOW(), NOW()),
('57faef63-3718-4e9f-b1ff-0e83328d1a85', '05d11ebe-fe8d-4480-aa89-06a7973f61c2', 'a7bc4e9e-09e4-4bde-8b9c-328e6e042e8a', NOW(), NOW()),
('8386b6e1-0636-410e-a8b7-ebbb0fe158ab', 'cc054a39-827d-47df-9f2b-b5be55b5e01e', '3fa85f64-5717-4562-b3fc-2c963f66afa6', NOW(), NOW()),
('2eb4c14a-1b23-4197-90a4-35b6ab3ffcf4', 'cc054a39-827d-47df-9f2b-b5be55b5e01e', 'e57a6b13-48b9-4a4d-917a-345f665e2d1c', NOW(), NOW()),
('f56758f9-dfac-4309-b848-35da3ed7a550', 'cc054a39-827d-47df-9f2b-b5be55b5e01e', 'a7bc4e9e-09e4-4bde-8b9c-328e6e042e8a', NOW(), NOW()),
('65cd6990-2739-4b9c-b97e-372d09c6a471', 'cc03f735-54b2-416c-97b1-36dcead91109', '3fa85f64-5717-4562-b3fc-2c963f66afa6', NOW(), NOW()),
('8930e24a-871a-4e22-a62e-5ecbceb5f275', 'cc03f735-54b2-416c-97b1-36dcead91109', 'a7bc4e9e-09e4-4bde-8b9c-328e6e042e8a', NOW(), NOW()),
('d50226a8-a8ee-439a-b692-90ebf6b712e0', '138ebc3a-39a4-4686-bbae-4fa25375fe65', '3fa85f64-5717-4562-b3fc-2c963f66afa6', NOW(), NOW()),
('e6d81708-f2d4-4cc3-ac9c-e9e3edc2bad5', '138ebc3a-39a4-4686-bbae-4fa25375fe65', 'e57a6b13-48b9-4a4d-917a-345f665e2d1c', NOW(), NOW()),
('0affb539-cffe-4e84-8a52-9522a41cba00', 'ea718bfa-c4ca-4fd8-af42-16bfac486e70', '3fa85f64-5717-4562-b3fc-2c963f66afa6', NOW(), NOW()),
('0e154480-9ca0-455a-964f-28ba735fdaa5', 'ea718bfa-c4ca-4fd8-af42-16bfac486e70', 'a7bc4e9e-09e4-4bde-8b9c-328e6e042e8a', NOW(), NOW()),
('80d5ce1e-6654-4b4b-9382-4ffc91b4b3b4', '941af7da-2ca5-4253-b5f4-c7c84dad865d', '3fa85f64-5717-4562-b3fc-2c963f66afa6', NOW(), NOW()),
('36e2bfc5-e4dd-4d16-ac87-ed86a1af7610', '941af7da-2ca5-4253-b5f4-c7c84dad865d', 'a7bc4e9e-09e4-4bde-8b9c-328e6e042e8a', NOW(), NOW()),
('6ef787e0-a9eb-4817-998d-df1f45aba05a', '7836efb7-3df3-44b8-9149-855fd451bb84', '3fa85f64-5717-4562-b3fc-2c963f66afa6', NOW(), NOW()),
('08d5dc94-c5ca-4ca9-ae34-8578a023aebe', '7836efb7-3df3-44b8-9149-855fd451bb84', 'e57a6b13-48b9-4a4d-917a-345f665e2d1c', NOW(), NOW()),
('3b202f6e-fa64-4e57-b428-0659304de577', '3b77ed89-e70e-4929-a07a-39a068388c01', '3fa85f64-5717-4562-b3fc-2c963f66afa6', NOW(), NOW()),
('06d41313-2dd9-4759-a399-7a37e9c3c81b', '3b77ed89-e70e-4929-a07a-39a068388c01', 'a7bc4e9e-09e4-4bde-8b9c-328e6e042e8a', NOW(), NOW()),
('49c421c4-d36b-4a76-bb47-ba619a262110', '1f52dc82-560f-47b4-8b84-c53a131d1f21', '3fa85f64-5717-4562-b3fc-2c963f66afa6', NOW(), NOW()),
('3e3556db-5dbd-4e29-8633-244464f3ee29', '1f52dc82-560f-47b4-8b84-c53a131d1f21', 'e57a6b13-48b9-4a4d-917a-345f665e2d1c', NOW(), NOW()),
('9cb33087-03bf-4973-be69-fb93a3086fa9', '82baf87b-3ad5-452b-97be-2c2331888feb', '3fa85f64-5717-4562-b3fc-2c963f66afa6', NOW(), NOW()),
('bd4655ad-d62d-424e-8b87-f3b27825a8a4', '82baf87b-3ad5-452b-97be-2c2331888feb', 'a7bc4e9e-09e4-4bde-8b9c-328e6e042e8a', NOW(), NOW());

-- User Locations
INSERT INTO user_locations ("location_id", "user_id", "latitude", "longitude", "address", "createdAt", "updatedAt")
VALUES
('4f3fb58b-10d1-43c2-90c8-5a64a6b6a364', 'c1cfb715-076d-4748-bea2-2f10b175824e', 52.230906, 20.938529, 'Warsaw, Poland', NOW(), NOW()),
('c89cfda1-7ae2-49e9-958f-74b3798b98fb', '748bb5dd-2618-4b78-8adb-769ef7d0fcb9', 52.261763, 20.969036, 'Warsaw, Poland', NOW(), NOW()),
('3a8341c3-df57-48cc-b4e0-982f13df11bf', 'c3b0c5f4-5c5e-4c5b-8c5b-5c5b5c5b5c5b', 52.249314, 21.016742, 'Warsaw, Poland', NOW(), NOW()),
('7d489416-f738-4030-8030-8bbd89713708', '34e8111f-9dea-403e-86c6-2e00ed49d213', 52.198157, 20.956977, 'Warsaw, Poland', NOW(), NOW()),
('3ef48ad8-a9e3-4866-9fb5-9048e5d82231', 'ad488a90-0fef-495b-9153-46ea8bc6b815', 52.186515, 21.073400, 'Warsaw, Poland', NOW(), NOW()),
('20937e33-6843-4a11-9509-20bdf165bd40', '88892359-9386-4dc9-a9c6-f46177378ea3', 52.219938, 21.050125, 'Warsaw, Poland', NOW(), NOW()),
('8d1cc953-268f-4926-9184-16651af3868c', '6409e01a-b81f-4159-b002-6e13be7ad53b', 52.265653, 21.069713, 'Warsaw, Poland', NOW(), NOW()),
('112afbed-c6b6-480f-9137-3c67ca28f02f', 'ec12e2b0-3e6c-4d9c-a18e-abaa1afe882b', 52.196004, 20.937135, 'Warsaw, Poland', NOW(), NOW()),
('a566890d-47b3-4290-96d8-40f3e0f9c61d', '16ff5cd1-50b5-4861-9841-013a0e65b3a3', 52.227687, 21.052313, 'Warsaw, Poland', NOW(), NOW()),
('a6757a42-5abb-4e46-b24b-ed99a479c828', '19d9589b-c4cc-49c2-8d65-c1e9219d2464', 52.246060, 21.063916, 'Warsaw, Poland', NOW(), NOW()),
('813110dd-9d04-45ee-84b8-a45f7c88c078', 'fe205c02-c241-4581-b988-7bea6dc0d98e', 52.244107, 21.086887, 'Warsaw, Poland', NOW(), NOW()),
('bf1eb707-2d55-4249-a865-bb05624b78a9', 'e8e5c260-b931-435a-8dc0-2e3ab0334a1e', 52.260067, 21.044279, 'Warsaw, Poland', NOW(), NOW()),
('acf6af81-5446-4085-9cef-5bebfe546c63', '7d181b6e-6426-4bec-b9ea-b4f1ab40f722', 52.259533, 21.086124, 'Warsaw, Poland', NOW(), NOW()),
('64527ab1-3c63-4b4d-bae3-3c9e46ce71ec', '638ecf42-448b-4ae7-bea0-add4d11aff47', 52.218551, 21.085116, 'Warsaw, Poland', NOW(), NOW()),
('ab985f6b-33d7-4616-982c-9d335fb19817', 'd13161b2-f7e7-491e-94fc-dfaf8c3989c9', 52.241516, 20.961526, 'Warsaw, Poland', NOW(), NOW()),
('f0313341-da91-4bda-9a6d-59dce82d7daa', 'fe57e305-1f66-4d5a-a7ac-9a0bf57399d6', 52.188367, 21.033348, 'Warsaw, Poland', NOW(), NOW()),
('9a580697-fbf3-44e0-bf8e-2dca2bf9ad83', 'f9f9b9e7-fba7-4b08-a715-f3cf2d676bcb', 52.237410, 21.008452, 'Warsaw, Poland', NOW(), NOW()),
('5c36af47-843a-4c88-aa54-59b38e1bab39', 'f752bf14-8d66-4f7e-b679-d6df7b31d5cf', 52.221847, 21.077028, 'Warsaw, Poland', NOW(), NOW()),
('ce562082-9d57-4144-8002-362e6c8d5f95', 'bedb438d-cee5-43ba-a533-714e3403670b', 52.199250, 21.088442, 'Warsaw, Poland', NOW(), NOW()),
('e9cd7326-c2ab-469f-9527-ffcdde5964fc', '248b6ff4-8df4-4f8c-989a-b3efa5b09b49', 52.241340, 21.018987, 'Warsaw, Poland', NOW(), NOW()),
('7095ac24-ab57-4da7-a19a-67f9013ad47a', '15cf58a0-f091-4a5c-8768-9db8b89e98f6', 52.242307, 21.034469, 'Warsaw, Poland', NOW(), NOW()),
('58ab5be4-69f0-4e89-9d30-13cdbc158dfb', 'cabbbbc4-a20c-4484-9c34-57e2f17065f4', 52.267283, 21.002180, 'Warsaw, Poland', NOW(), NOW()),
('05e5492a-cc88-406d-bc90-0f062e033062', 'c04c00d8-bdb7-48e3-8540-996d0dd8de37', 54.335396, 18.638613, 'Gdansk, Poland', NOW(), NOW()),
('9ab87634-f9b0-4a16-8112-5ee97b651c4f', 'a9a129c6-6602-4305-8cd9-b971790ac998', 52.420320, 16.919572, 'Poznan, Poland', NOW(), NOW()),
('06902711-4eca-49d3-ac9e-91c97febdefb', '33b29fdf-a7e5-4476-b4ab-3bb18a8a3893', 52.244101, 21.021159, 'Warsaw, Poland', NOW(), NOW()),
('cec8fec2-e511-439e-b9df-e5f4f00f1e1e', 'eeb6e53f-df2d-4f14-9a7f-f8f09314bb74', 52.219893, 20.936284, 'Warsaw, Poland', NOW(), NOW()),
('3c288eb8-4fc1-4c9a-94ad-21c52fb3adf1', '53025fc2-4cee-480c-9312-0041396fc023', 52.180056, 20.998280, 'Warsaw, Poland', NOW(), NOW()),
('35491e3f-0ae9-4178-a001-aacef7fdbf50', '8b7e6ed8-866f-496b-89e5-f34aff4ae739', 52.248903, 20.932514, 'Warsaw, Poland', NOW(), NOW()),
('e3be00ea-8142-4b9a-b78c-d54c560a10fe', 'e82a68d8-819b-4c5b-af93-1f9f537a47ad', 52.191762, 20.944182, 'Warsaw, Poland', NOW(), NOW()),
('2e29d891-7c6f-4f1a-876d-acc78b08839f', '7dbcf778-de1b-49d2-bfe3-7ff98e1e8874', 52.198162, 21.039965, 'Warsaw, Poland', NOW(), NOW()),
('b618e077-0582-450e-83e2-8be0904239b7', 'e8f955fa-59bb-4b88-a175-40970014a0a2', 52.268239, 21.005782, 'Warsaw, Poland', NOW(), NOW()),
('65ed517f-929b-40fc-9f4e-a1d4ff590da2', 'dc4e0bba-30c7-471b-b261-b7abd4d52168', 52.275743, 21.041116, 'Warsaw, Poland', NOW(), NOW()),
('97368ebc-296d-40d6-8591-f35bc651a914', 'df1794d1-c562-45a0-bba2-fe84ae336d5b', 52.185397, 21.062297, 'Warsaw, Poland', NOW(), NOW()),
('6277efb0-9ef9-475b-9324-276fe5995ba6', '79786f1f-a79b-48f1-83de-131b6b93efca', 52.203471, 21.081965, 'Warsaw, Poland', NOW(), NOW()),
('a618709e-d25a-4714-b35b-9cc035f5d80d', '1db7d91a-bd77-4d16-8a16-d3f2f453af5b', 52.242928, 21.086089, 'Warsaw, Poland', NOW(), NOW()),
('fdba1827-6ecb-4959-8495-ff9ce56f3153', '06f01f7d-317e-4225-aa68-2ded28b2a323', 52.240233, 20.955416, 'Warsaw, Poland', NOW(), NOW()),
('221ec844-98e3-49d2-9c38-0dd7dd5130c9', '700a60cc-866a-4fd5-af17-45ee79f39ffe', 52.201488, 21.007392, 'Warsaw, Poland', NOW(), NOW()),
('3be37ecc-b2dd-4a95-9d4a-fc5956d2cd0e', 'df650273-bb3d-4d95-9e63-332f051940e3', 52.271510, 21.027446, 'Warsaw, Poland', NOW(), NOW()),
('f021e48a-dd50-49cf-a50a-d57744d733cf', '3b31b905-5110-419c-b814-a01822ae84cb', 52.203472, 21.013845, 'Warsaw, Poland', NOW(), NOW()),
('d57d8b30-4c14-458f-b6ba-d9fb0f0d81ea', 'fda7c4c7-df2c-4856-9f80-4cd162ea73e4', 52.230365, 20.976464, 'Warsaw, Poland', NOW(), NOW()),
('419d308d-e569-434b-8500-dba4ccf8b26c', '05d11ebe-fe8d-4480-aa89-06a7973f61c2', 52.276950, 21.040457, 'Warsaw, Poland', NOW(), NOW()),
('6295fb72-f432-4089-9cb2-167b72745dd8', 'cc054a39-827d-47df-9f2b-b5be55b5e01e', 52.210187, 20.969758, 'Warsaw, Poland', NOW(), NOW()),
('24dcbc78-23e5-4620-aa6a-b0a6bc532dc9', 'cc03f735-54b2-416c-97b1-36dcead91109', 52.255651, 21.007338, 'Warsaw, Poland', NOW(), NOW()),
('fbfcec9d-151b-453b-981d-a3409b6cd030', '138ebc3a-39a4-4686-bbae-4fa25375fe65', 52.406510, 16.921385, 'Poznan, Poland', NOW(), NOW()),
('7715f90d-3a28-452e-b79a-0ea98ba99d4a', 'ea718bfa-c4ca-4fd8-af42-16bfac486e70', 52.182544, 21.016910, 'Warsaw, Poland', NOW(), NOW()),
('bf220ecc-31ad-4e5d-b276-b8104273e3a8', '941af7da-2ca5-4253-b5f4-c7c84dad865d', 52.199009, 20.938990, 'Warsaw, Poland', NOW(), NOW()),
('931acba9-67b4-4f68-841d-dbabcf63b10b', '7836efb7-3df3-44b8-9149-855fd451bb84', 52.209715, 20.940638, 'Warsaw, Poland', NOW(), NOW()),
('f698ee89-8de5-4615-8952-5d7eeea7d764', '3b77ed89-e70e-4929-a07a-39a068388c01', 52.264721, 20.959223, 'Warsaw, Poland', NOW(), NOW()),
('8e4079d2-eacc-48df-afc3-d8476724a026', '1f52dc82-560f-47b4-8b84-c53a131d1f21', 52.230381, 21.062067, 'Warsaw, Poland', NOW(), NOW()),
('eb80f721-e09f-4a79-a32b-647a8b2de019', '82baf87b-3ad5-452b-97be-2c2331888feb', 52.227749, 21.057067, 'Warsaw, Poland', NOW(), NOW());

-- User Hobbies
INSERT INTO user_hobbies ("id", "user_id", "hobby_id", "rating", "createdAt", "updatedAt")
VALUES
('729b2923-d86e-42db-ad4a-dcd150191893', 'c1cfb715-076d-4748-bea2-2f10b175824e', 6, 5, NOW(), NOW()),
('be6bbd12-fc44-4e63-b395-78cfd034f305', 'c1cfb715-076d-4748-bea2-2f10b175824e', 9, 5, NOW(), NOW()),
('737c59ca-b9b0-4daf-9400-016c3ef9fc76', 'c1cfb715-076d-4748-bea2-2f10b175824e', 5, 5, NOW(), NOW()),
('28f7dd45-ad19-47af-a6d1-afa6bbad43ce', 'c1cfb715-076d-4748-bea2-2f10b175824e', 10, 4, NOW(), NOW()),
('25009c02-bd65-4af8-a2ba-ea3b938fbb72', 'c1cfb715-076d-4748-bea2-2f10b175824e', 4, 5, NOW(), NOW()),
('a6666a75-5466-44f4-b455-4b8913c76113', '748bb5dd-2618-4b78-8adb-769ef7d0fcb9', 3, 5, NOW(), NOW()),
('76596bf0-e93c-4a17-a55b-a8ce685ba8ff', '748bb5dd-2618-4b78-8adb-769ef7d0fcb9', 1, 2, NOW(), NOW()),
('8e0de4f6-13d4-4d6e-9986-427b51cbea20', '748bb5dd-2618-4b78-8adb-769ef7d0fcb9', 9, 5, NOW(), NOW()),
('60f54074-7e40-4433-9e1c-11a591669a86', '748bb5dd-2618-4b78-8adb-769ef7d0fcb9', 6, 3, NOW(), NOW()),
('b506a2b6-a15e-4fb5-b91f-713c5b18d96f', '748bb5dd-2618-4b78-8adb-769ef7d0fcb9', 4, 4, NOW(), NOW()),
('454a7897-b372-47a3-83f4-a27fa9c1f905', 'c3b0c5f4-5c5e-4c5b-8c5b-5c5b5c5b5c5b', 9, 5, NOW(), NOW()),
('a1e75334-33bc-4ad4-bafd-f715ed02432b', 'c3b0c5f4-5c5e-4c5b-8c5b-5c5b5c5b5c5b', 6, 4, NOW(), NOW()),
('68a7b247-8124-4a6a-8a3a-3d02c645dcc9', '34e8111f-9dea-403e-86c6-2e00ed49d213', 3, 4, NOW(), NOW()),
('64be2b3a-0a8f-4a75-bf81-e7f123908a4e', '34e8111f-9dea-403e-86c6-2e00ed49d213', 2, 4, NOW(), NOW()),
('8948dd8a-c843-4b94-a148-6370f288721e', '34e8111f-9dea-403e-86c6-2e00ed49d213', 10, 4, NOW(), NOW()),
('4e0d5c48-ce7a-42a7-b340-e97ae2069bb6', '34e8111f-9dea-403e-86c6-2e00ed49d213', 4, 5, NOW(), NOW()),
('fceeefef-0ec0-48b2-bcbb-ed0473ba923a', '34e8111f-9dea-403e-86c6-2e00ed49d213', 7, 2, NOW(), NOW()),
('9b486e3e-9ec1-4b42-878f-45b861a5d23b', 'ad488a90-0fef-495b-9153-46ea8bc6b815', 1, 2, NOW(), NOW()),
('2bfb66bb-873c-47eb-9455-9a6da6ea2140', 'ad488a90-0fef-495b-9153-46ea8bc6b815', 8, 5, NOW(), NOW()),
('b6d3b233-722e-4736-a793-699502dc10a7', 'ad488a90-0fef-495b-9153-46ea8bc6b815', 6, 2, NOW(), NOW()),
('ea89f5b2-2f50-4cee-a8db-8b43017d1223', 'ad488a90-0fef-495b-9153-46ea8bc6b815', 5, 1, NOW(), NOW()),
('517fd787-223b-4100-9f5c-07f86702c7a4', '88892359-9386-4dc9-a9c6-f46177378ea3', 2, 4, NOW(), NOW()),
('bbea30bd-e2da-4d81-bbf5-12426e2f2354', '88892359-9386-4dc9-a9c6-f46177378ea3', 3, 4, NOW(), NOW()),
('a6f1ffd3-5704-4d0e-bf94-6aa941517cce', '6409e01a-b81f-4159-b002-6e13be7ad53b', 5, 4, NOW(), NOW()),
('2d2e3bbf-5923-42a7-8b81-233f5391e861', '6409e01a-b81f-4159-b002-6e13be7ad53b', 2, 2, NOW(), NOW()),
('e67edeaf-65e6-4225-8ce6-0f070c038c09', 'ec12e2b0-3e6c-4d9c-a18e-abaa1afe882b', 8, 4, NOW(), NOW()),
('91b79f18-cbb8-4eaf-b310-2945b5bd12f1', 'ec12e2b0-3e6c-4d9c-a18e-abaa1afe882b', 9, 5, NOW(), NOW()),
('dc52dda8-a282-4e26-8ed9-d3f30e9ae5ec', 'ec12e2b0-3e6c-4d9c-a18e-abaa1afe882b', 6, 5, NOW(), NOW()),
('a61820e5-0094-4bd4-ac76-6e5009053be2', 'ec12e2b0-3e6c-4d9c-a18e-abaa1afe882b', 2, 3, NOW(), NOW()),
('540ac83a-ea37-4af1-b738-fa8fae4df7bd', '16ff5cd1-50b5-4861-9841-013a0e65b3a3', 7, 5, NOW(), NOW()),
('3a213fc3-3267-4012-a950-315d724802a2', '16ff5cd1-50b5-4861-9841-013a0e65b3a3', 10, 4, NOW(), NOW()),
('d2ba5803-13a0-484d-8518-742e4db29007', '16ff5cd1-50b5-4861-9841-013a0e65b3a3', 2, 3, NOW(), NOW()),
('952cf6ab-2e71-4d08-ba43-fb68475f01d4', '19d9589b-c4cc-49c2-8d65-c1e9219d2464', 7, 5, NOW(), NOW()),
('d75648be-988c-49e7-b137-6ce05c961b85', '19d9589b-c4cc-49c2-8d65-c1e9219d2464', 1, 4, NOW(), NOW()),
('1a20a1ba-6fb7-419f-9d7f-68596b7cadd5', '19d9589b-c4cc-49c2-8d65-c1e9219d2464', 5, 4, NOW(), NOW()),
('6212033b-6308-423e-9137-f7e0f8ab0ee3', '19d9589b-c4cc-49c2-8d65-c1e9219d2464', 2, 5, NOW(), NOW()),
('04302444-7634-4b36-b130-e3db452d30f8', '19d9589b-c4cc-49c2-8d65-c1e9219d2464', 10, 4, NOW(), NOW()),
('0342944f-8ea5-438c-8364-5ba35c4898fb', 'fe205c02-c241-4581-b988-7bea6dc0d98e', 1, 5, NOW(), NOW()),
('c0b71c79-da46-4fc8-b3af-7b0e8bf89757', 'fe205c02-c241-4581-b988-7bea6dc0d98e', 9, 4, NOW(), NOW()),
('bb3d5b3f-95a3-40ba-9d32-e626032b07c7', 'e8e5c260-b931-435a-8dc0-2e3ab0334a1e', 6, 4, NOW(), NOW()),
('b98f0822-99ae-478c-a88d-b0858e46b06b', 'e8e5c260-b931-435a-8dc0-2e3ab0334a1e', 7, 4, NOW(), NOW()),
('53241c83-7f62-4608-800b-5dd079969672', 'e8e5c260-b931-435a-8dc0-2e3ab0334a1e', 3, 5, NOW(), NOW()),
('598083dc-8e74-4718-aa5a-df9bdf5752f6', 'e8e5c260-b931-435a-8dc0-2e3ab0334a1e', 5, 4, NOW(), NOW()),
('9a35d6f2-1cec-4fb5-a063-af5b67e76e95', 'e8e5c260-b931-435a-8dc0-2e3ab0334a1e', 1, 4, NOW(), NOW()),
('de537c61-06b1-45ed-b4d4-9b2869f29835', '7d181b6e-6426-4bec-b9ea-b4f1ab40f722', 2, 4, NOW(), NOW()),
('05c6c02e-4b32-4854-80c0-89b6adfd077e', '7d181b6e-6426-4bec-b9ea-b4f1ab40f722', 10, 4, NOW(), NOW()),
('548abe60-b943-4286-a231-9fb9dfee3df5', '7d181b6e-6426-4bec-b9ea-b4f1ab40f722', 7, 4, NOW(), NOW()),
('34e9c1ca-0a45-41c4-b605-fb9f06b9e3d6', '7d181b6e-6426-4bec-b9ea-b4f1ab40f722', 8, 3, NOW(), NOW()),
('ad2bb549-e49c-4516-aaef-419b50b7f611', '638ecf42-448b-4ae7-bea0-add4d11aff47', 2, 5, NOW(), NOW()),
('6ed1f867-bf5c-4593-9eac-41ff24b49945', '638ecf42-448b-4ae7-bea0-add4d11aff47', 3, 4, NOW(), NOW()),
('7e83f9e3-01f4-407d-bda7-a6d9dcfb6b7a', '638ecf42-448b-4ae7-bea0-add4d11aff47', 6, 5, NOW(), NOW()),
('bf43c00a-087e-4233-a709-a643d55fb62d', '638ecf42-448b-4ae7-bea0-add4d11aff47', 4, 3, NOW(), NOW()),
('7feac624-e9b9-477c-938b-26a78efa4759', 'd13161b2-f7e7-491e-94fc-dfaf8c3989c9', 2, 4, NOW(), NOW()),
('69b8ec4e-37ae-4abf-8971-d1b5515cdf5b', 'd13161b2-f7e7-491e-94fc-dfaf8c3989c9', 3, 4, NOW(), NOW()),
('60ef5693-fd36-4766-a173-36761e731aab', 'd13161b2-f7e7-491e-94fc-dfaf8c3989c9', 5, 3, NOW(), NOW()),
('b4d3fdc6-b83a-459f-bf24-ef477c558daa', 'd13161b2-f7e7-491e-94fc-dfaf8c3989c9', 10, 5, NOW(), NOW()),
('641e14f7-6f56-40c4-86e0-5a68e61a1f4e', 'd13161b2-f7e7-491e-94fc-dfaf8c3989c9', 9, 3, NOW(), NOW()),
('cb4e74b7-244a-464e-8c70-88a8a25ff9de', 'fe57e305-1f66-4d5a-a7ac-9a0bf57399d6', 8, 3, NOW(), NOW()),
('4fbbda9e-d48f-4331-a1c9-8d3ba73fbc71', 'fe57e305-1f66-4d5a-a7ac-9a0bf57399d6', 5, 5, NOW(), NOW()),
('02ebd48c-cfa0-48be-89a3-75ffebcba589', 'fe57e305-1f66-4d5a-a7ac-9a0bf57399d6', 6, 5, NOW(), NOW()),
('386a9389-8706-40e0-b5e3-287f67cc94c0', 'fe57e305-1f66-4d5a-a7ac-9a0bf57399d6', 1, 4, NOW(), NOW()),
('5f31eccd-9961-4869-99a6-319342194aff', 'fe57e305-1f66-4d5a-a7ac-9a0bf57399d6', 9, 4, NOW(), NOW()),
('2cc155b1-0cc9-4a61-8431-01375bef0d99', 'f9f9b9e7-fba7-4b08-a715-f3cf2d676bcb', 2, 4, NOW(), NOW()),
('d4d8ae2c-8c64-4583-8359-7fb24d0bc5a9', 'f9f9b9e7-fba7-4b08-a715-f3cf2d676bcb', 3, 3, NOW(), NOW()),
('e53ffb24-d6a1-4a7b-96ca-fe08c39d215b', 'f9f9b9e7-fba7-4b08-a715-f3cf2d676bcb', 7, 5, NOW(), NOW()),
('a17f55f8-2f54-4d1c-b584-5bad103d3227', 'f9f9b9e7-fba7-4b08-a715-f3cf2d676bcb', 9, 5, NOW(), NOW()),
('d7e74c4a-e957-41c8-ac13-fa8982c61db7', 'f9f9b9e7-fba7-4b08-a715-f3cf2d676bcb', 4, 5, NOW(), NOW()),
('dc8b27f4-1ff9-4c21-8bfd-b2fd5c3eed41', 'f752bf14-8d66-4f7e-b679-d6df7b31d5cf', 5, 3, NOW(), NOW()),
('d3255750-1bd1-42a2-a27e-65d83559b1b4', 'f752bf14-8d66-4f7e-b679-d6df7b31d5cf', 9, 2, NOW(), NOW()),
('178e479b-92e0-45b2-b732-9e6e35360b54', 'f752bf14-8d66-4f7e-b679-d6df7b31d5cf', 3, 3, NOW(), NOW()),
('30ba5d9f-a80d-4772-980f-cec4932c219d', 'bedb438d-cee5-43ba-a533-714e3403670b', 4, 5, NOW(), NOW()),
('430722c6-3c7e-4271-bd84-101a13ac3783', 'bedb438d-cee5-43ba-a533-714e3403670b', 3, 5, NOW(), NOW()),
('81d4d496-07cb-4560-b14f-9174ff9d88e0', 'bedb438d-cee5-43ba-a533-714e3403670b', 10, 4, NOW(), NOW()),
('f0d3f15d-1784-407a-bf86-bb72c8b5f4b2', '248b6ff4-8df4-4f8c-989a-b3efa5b09b49', 8, 5, NOW(), NOW()),
('1cfe4d3c-72ba-41b3-ab3c-040ddf76532c', '248b6ff4-8df4-4f8c-989a-b3efa5b09b49', 10, 4, NOW(), NOW()),
('e890fffb-d616-4a1e-b015-018988934e97', '248b6ff4-8df4-4f8c-989a-b3efa5b09b49', 1, 4, NOW(), NOW()),
('aaf30c67-e7e9-4f2b-a6e3-fa52dbc191f1', '248b6ff4-8df4-4f8c-989a-b3efa5b09b49', 7, 3, NOW(), NOW()),
('4875a2ce-f3f3-44b5-bb9a-a30e652f66ab', '15cf58a0-f091-4a5c-8768-9db8b89e98f6', 6, 3, NOW(), NOW()),
('f0cdb454-8a1f-4522-bbdf-69a72f078f10', '15cf58a0-f091-4a5c-8768-9db8b89e98f6', 3, 5, NOW(), NOW()),
('3e199da8-ad4d-45b6-b15b-61bfc20a00e7', '15cf58a0-f091-4a5c-8768-9db8b89e98f6', 7, 5, NOW(), NOW()),
('3a19c4c0-e5ac-44fd-8bde-d9559bf6552e', 'cabbbbc4-a20c-4484-9c34-57e2f17065f4', 1, 5, NOW(), NOW()),
('540194a5-53f4-467b-b6b4-21581749a104', 'cabbbbc4-a20c-4484-9c34-57e2f17065f4', 3, 3, NOW(), NOW()),
('d2e39056-49a7-4464-858c-e1f06a9515d6', 'c04c00d8-bdb7-48e3-8540-996d0dd8de37', 6, 4, NOW(), NOW()),
('b8bfc267-ac88-43fa-bf4c-e3c23d179e9f', 'c04c00d8-bdb7-48e3-8540-996d0dd8de37', 5, 2, NOW(), NOW()),
('7eaf8c72-0acb-46c9-838c-c4f55d2f64bc', 'c04c00d8-bdb7-48e3-8540-996d0dd8de37', 3, 5, NOW(), NOW()),
('67975719-04f8-4f2f-aaba-5fe40bcdb726', 'c04c00d8-bdb7-48e3-8540-996d0dd8de37', 8, 4, NOW(), NOW()),
('134a81f8-06ce-4872-ad6e-48fae8954246', 'a9a129c6-6602-4305-8cd9-b971790ac998', 1, 5, NOW(), NOW()),
('11c7b8c7-01e6-44fe-862d-1bf8baa58468', 'a9a129c6-6602-4305-8cd9-b971790ac998', 3, 4, NOW(), NOW()),
('578284b3-6f19-48ae-a3da-7cf8d3e0c1a7', 'a9a129c6-6602-4305-8cd9-b971790ac998', 2, 5, NOW(), NOW()),
('0c334f01-cd9e-4064-b3fb-dea949898afa', 'a9a129c6-6602-4305-8cd9-b971790ac998', 8, 3, NOW(), NOW()),
('642b75f3-f4ce-48eb-b306-0ccebb72b73c', '33b29fdf-a7e5-4476-b4ab-3bb18a8a3893', 2, 5, NOW(), NOW()),
('54cf382a-2671-48b3-a9cc-6dbb34839bc3', '33b29fdf-a7e5-4476-b4ab-3bb18a8a3893', 6, 3, NOW(), NOW()),
('0490a5e0-9b56-4948-a035-5dfd9799f2fd', 'eeb6e53f-df2d-4f14-9a7f-f8f09314bb74', 9, 4, NOW(), NOW()),
('84565d71-d74a-4d0b-af3c-0df37925a785', 'eeb6e53f-df2d-4f14-9a7f-f8f09314bb74', 3, 4, NOW(), NOW()),
('3c5809ca-9627-47fd-90b0-49607567b761', '53025fc2-4cee-480c-9312-0041396fc023', 7, 4, NOW(), NOW()),
('cfaaa0db-ce1e-4518-9b84-32e662662499', '53025fc2-4cee-480c-9312-0041396fc023', 8, 5, NOW(), NOW()),
('b048f62a-e425-4244-adaa-5b9493efcc50', '53025fc2-4cee-480c-9312-0041396fc023', 9, 5, NOW(), NOW()),
('e28f38e0-537b-405e-8de2-d4a35ef1f45b', '53025fc2-4cee-480c-9312-0041396fc023', 6, 4, NOW(), NOW()),
('c5fa8b37-8680-4952-8587-1c82b0512a1b', '8b7e6ed8-866f-496b-89e5-f34aff4ae739', 3, 1, NOW(), NOW()),
('23eaec55-6c28-4270-a4b7-187d25308af6', '8b7e6ed8-866f-496b-89e5-f34aff4ae739', 7, 3, NOW(), NOW()),
('4e55413a-db78-46ea-a2ad-571b1a20b009', 'e82a68d8-819b-4c5b-af93-1f9f537a47ad', 5, 3, NOW(), NOW()),
('32f64483-90dd-4059-aae2-a41213c0f15d', 'e82a68d8-819b-4c5b-af93-1f9f537a47ad', 8, 4, NOW(), NOW()),
('5cc10d1e-0273-4439-89df-ba68966a9c22', '7dbcf778-de1b-49d2-bfe3-7ff98e1e8874', 3, 3, NOW(), NOW()),
('ce98a3fe-3510-4cae-aa9b-1b3b77a0870b', '7dbcf778-de1b-49d2-bfe3-7ff98e1e8874', 10, 5, NOW(), NOW()),
('0ea62f56-9a97-4419-a018-d47e082970e2', '7dbcf778-de1b-49d2-bfe3-7ff98e1e8874', 2, 3, NOW(), NOW()),
('72072b9f-1e62-4fea-9854-4f250e29cb1b', 'e8f955fa-59bb-4b88-a175-40970014a0a2', 6, 4, NOW(), NOW()),
('a96455d8-46e8-4de2-9d40-5efd64836104', 'e8f955fa-59bb-4b88-a175-40970014a0a2', 5, 5, NOW(), NOW()),
('f7bccf51-505e-4f47-a838-135249eba2d0', 'e8f955fa-59bb-4b88-a175-40970014a0a2', 1, 2, NOW(), NOW()),
('21103a0d-a08c-4506-a15b-6fcb6b044004', 'dc4e0bba-30c7-471b-b261-b7abd4d52168', 2, 2, NOW(), NOW()),
('44f7c621-e2df-4d72-b10f-aa75a86e22d1', 'dc4e0bba-30c7-471b-b261-b7abd4d52168', 8, 4, NOW(), NOW()),
('c2800a76-6538-42f0-9d79-15ce3d92f27d', 'df1794d1-c562-45a0-bba2-fe84ae336d5b', 8, 4, NOW(), NOW()),
('ec6989d1-6d98-4089-9e27-03a8e39226cd', 'df1794d1-c562-45a0-bba2-fe84ae336d5b', 1, 3, NOW(), NOW()),
('b55f4837-b151-457b-b6bc-181232830b9d', 'df1794d1-c562-45a0-bba2-fe84ae336d5b', 7, 4, NOW(), NOW()),
('bde2e3f4-e69f-4b6e-80a1-3ee765c6ee1d', '79786f1f-a79b-48f1-83de-131b6b93efca', 1, 4, NOW(), NOW()),
('7fb74f36-d4fb-43c2-a10f-0dd0360c2b4e', '79786f1f-a79b-48f1-83de-131b6b93efca', 8, 1, NOW(), NOW()),
('c66ea058-8d70-4f2b-bb2d-1c398abca792', '79786f1f-a79b-48f1-83de-131b6b93efca', 4, 4, NOW(), NOW()),
('a936bf28-3997-42d3-a396-48b26cf25170', '1db7d91a-bd77-4d16-8a16-d3f2f453af5b', 7, 5, NOW(), NOW()),
('8780dc35-f098-48bf-bb92-79522e6e1238', '1db7d91a-bd77-4d16-8a16-d3f2f453af5b', 2, 4, NOW(), NOW()),
('ad33bb3a-4563-446a-8f0a-75316481d660', '1db7d91a-bd77-4d16-8a16-d3f2f453af5b', 4, 5, NOW(), NOW()),
('588b9642-a1a1-4cad-9784-0dd7850caf7e', '1db7d91a-bd77-4d16-8a16-d3f2f453af5b', 3, 4, NOW(), NOW()),
('5c3b48f8-078e-4619-9488-d8d98d2994e9', '1db7d91a-bd77-4d16-8a16-d3f2f453af5b', 5, 4, NOW(), NOW()),
('39815ab8-9ba1-402c-98d6-4f971cd53c2f', '06f01f7d-317e-4225-aa68-2ded28b2a323', 10, 5, NOW(), NOW()),
('fac7f0cf-921e-4f41-b466-a6c24bc42692', '06f01f7d-317e-4225-aa68-2ded28b2a323', 4, 3, NOW(), NOW()),
('04035e38-e37a-4af4-9c76-fe5ff919bb3e', '700a60cc-866a-4fd5-af17-45ee79f39ffe', 5, 5, NOW(), NOW()),
('36201f43-3a7e-4f86-908d-60989b81442d', '700a60cc-866a-4fd5-af17-45ee79f39ffe', 2, 2, NOW(), NOW()),
('b22a0466-6988-40c1-aedf-7d360b9d1b76', '700a60cc-866a-4fd5-af17-45ee79f39ffe', 7, 5, NOW(), NOW()),
('13c617ed-5f29-43b7-aba1-4fdb66942602', '700a60cc-866a-4fd5-af17-45ee79f39ffe', 4, 4, NOW(), NOW()),
('1f5496e3-d63e-4f43-b376-bd3eed8d206e', '700a60cc-866a-4fd5-af17-45ee79f39ffe', 9, 3, NOW(), NOW()),
('53aa6f98-77d4-495b-9af1-5b9f96455fc6', 'df650273-bb3d-4d95-9e63-332f051940e3', 10, 5, NOW(), NOW()),
('96b972e6-57f9-4180-b1e6-3449ed25fe47', 'df650273-bb3d-4d95-9e63-332f051940e3', 6, 5, NOW(), NOW()),
('17983088-fce0-470f-9f40-19c8392fccb0', '3b31b905-5110-419c-b814-a01822ae84cb', 9, 3, NOW(), NOW()),
('1cb43282-2abc-4df5-a178-5e502e66e58d', '3b31b905-5110-419c-b814-a01822ae84cb', 10, 2, NOW(), NOW()),
('aa06a1b6-6a22-4790-b778-f4113370a97b', '3b31b905-5110-419c-b814-a01822ae84cb', 6, 4, NOW(), NOW()),
('db883f5c-a637-49ac-be66-037ea673ee08', '3b31b905-5110-419c-b814-a01822ae84cb', 7, 4, NOW(), NOW()),
('40d0b5ba-c53b-441e-af2d-84cda7c73ec3', 'fda7c4c7-df2c-4856-9f80-4cd162ea73e4', 3, 4, NOW(), NOW()),
('11074a62-f386-4d09-bd8f-99fbe0c9cbb9', 'fda7c4c7-df2c-4856-9f80-4cd162ea73e4', 9, 3, NOW(), NOW()),
('9faa96c1-a225-4e04-bdc9-f0e92457c2e5', '05d11ebe-fe8d-4480-aa89-06a7973f61c2', 7, 5, NOW(), NOW()),
('924b4b94-be89-4a8e-b745-c23a179ee6c0', '05d11ebe-fe8d-4480-aa89-06a7973f61c2', 10, 5, NOW(), NOW()),
('d676f79e-5cee-4daf-afa9-fc8d43ec27d3', '05d11ebe-fe8d-4480-aa89-06a7973f61c2', 1, 5, NOW(), NOW()),
('dc78d628-07f3-416d-a002-61c750ad9abc', 'cc054a39-827d-47df-9f2b-b5be55b5e01e', 2, 3, NOW(), NOW()),
('1626d8ee-6ec2-4c98-a1e8-c08611e690f4', 'cc054a39-827d-47df-9f2b-b5be55b5e01e', 4, 3, NOW(), NOW()),
('475b9b64-ebea-4a9b-8855-fb4f21c61f0e', 'cc054a39-827d-47df-9f2b-b5be55b5e01e', 10, 5, NOW(), NOW()),
('ca75ee87-e3c4-4214-90f9-0dc38e317b2c', 'cc03f735-54b2-416c-97b1-36dcead91109', 5, 5, NOW(), NOW()),
('7150931d-e93e-4386-949c-56fe30c26919', 'cc03f735-54b2-416c-97b1-36dcead91109', 2, 4, NOW(), NOW()),
('463081e6-98ec-424a-8bcd-8da56782ed73', 'cc03f735-54b2-416c-97b1-36dcead91109', 8, 4, NOW(), NOW()),
('46e78a2c-673c-402d-90cb-30def2f6f4e9', 'cc03f735-54b2-416c-97b1-36dcead91109', 6, 4, NOW(), NOW()),
('cd21d144-bd2a-4691-b63a-a3cdfeccd1e8', '138ebc3a-39a4-4686-bbae-4fa25375fe65', 9, 4, NOW(), NOW()),
('7bb6f210-0054-4eed-90e5-65ea1619c844', '138ebc3a-39a4-4686-bbae-4fa25375fe65', 10, 3, NOW(), NOW()),
('597898a7-ce7d-4a32-b405-388034c99c6f', '138ebc3a-39a4-4686-bbae-4fa25375fe65', 7, 5, NOW(), NOW()),
('47c6a88b-9e4f-462d-8935-353735871bbb', '138ebc3a-39a4-4686-bbae-4fa25375fe65', 5, 3, NOW(), NOW()),
('bd621167-313c-4b4c-adca-6eb2e9915480', 'ea718bfa-c4ca-4fd8-af42-16bfac486e70', 10, 5, NOW(), NOW()),
('1d0b34c9-81f9-4a3c-a81e-f42d594f30d8', 'ea718bfa-c4ca-4fd8-af42-16bfac486e70', 8, 5, NOW(), NOW()),
('c72742f8-57cb-4e5a-bd9e-0d111c089758', 'ea718bfa-c4ca-4fd8-af42-16bfac486e70', 9, 4, NOW(), NOW()),
('6e26b518-80fc-485e-bc4e-7ed553fd5ce0', '941af7da-2ca5-4253-b5f4-c7c84dad865d', 9, 3, NOW(), NOW()),
('55ff6819-1cd7-4d60-9ef6-0a0dcf56503b', '941af7da-2ca5-4253-b5f4-c7c84dad865d', 5, 5, NOW(), NOW()),
('38d42007-4896-4887-9b55-d38c8c81b96f', '941af7da-2ca5-4253-b5f4-c7c84dad865d', 3, 4, NOW(), NOW()),
('885c5df2-dac5-40f6-bd28-5580e8832d76', '941af7da-2ca5-4253-b5f4-c7c84dad865d', 6, 2, NOW(), NOW()),
('6c53120e-8de7-4394-831d-6bb48f6fb6b8', '941af7da-2ca5-4253-b5f4-c7c84dad865d', 8, 4, NOW(), NOW()),
('15a3455b-ceb7-4a1b-a40a-b44bc4e11689', '7836efb7-3df3-44b8-9149-855fd451bb84', 10, 3, NOW(), NOW()),
('2a4b30e4-2261-40eb-8e6f-10857077572f', '7836efb7-3df3-44b8-9149-855fd451bb84', 2, 5, NOW(), NOW()),
('4fb4a1e0-257f-47d0-a28d-16da6a6df274', '7836efb7-3df3-44b8-9149-855fd451bb84', 6, 4, NOW(), NOW()),
('7bf6f18a-dace-4974-b007-aebca35e0b63', '7836efb7-3df3-44b8-9149-855fd451bb84', 8, 4, NOW(), NOW()),
('78e6eb64-abdb-4fa2-8a8a-7034ed46cfcc', '3b77ed89-e70e-4929-a07a-39a068388c01', 9, 3, NOW(), NOW()),
('0e93c60e-7f28-4357-b32f-8e85b0272e01', '3b77ed89-e70e-4929-a07a-39a068388c01', 8, 4, NOW(), NOW()),
('baf49b1e-b7bb-4e0a-b10e-8ed1fa57ae5d', '1f52dc82-560f-47b4-8b84-c53a131d1f21', 10, 3, NOW(), NOW()),
('0e0f3eb5-16c7-4d86-b33f-3c1be348232e', '1f52dc82-560f-47b4-8b84-c53a131d1f21', 5, 3, NOW(), NOW()),
('01492197-5af9-4481-b2fb-79b227d0555f', '1f52dc82-560f-47b4-8b84-c53a131d1f21', 6, 3, NOW(), NOW()),
('c108154b-edad-4c47-af17-53651f6c4c58', '82baf87b-3ad5-452b-97be-2c2331888feb', 8, 5, NOW(), NOW()),
('67b4c10a-8866-437a-b0e4-52d782a3cb3b', '82baf87b-3ad5-452b-97be-2c2331888feb', 4, 5, NOW(), NOW()),
('9552a82b-101b-4373-90cf-a38c2816b845', '82baf87b-3ad5-452b-97be-2c2331888feb', 2, 3, NOW(), NOW()),
('760b5925-54fe-43fa-9967-07769a6104f8', '82baf87b-3ad5-452b-97be-2c2331888feb', 1, 4, NOW(), NOW());